{
  "project_info": {
    "project_number": "1073205069887",
    "firebase_url": "https://firesbaseraspberry-default-rtdb.firebaseio.com",
    "project_id": "firesbaseraspberry",
    "storage_bucket": "firesbaseraspberry.appspot.com"
  },
  "client": [
    {
      "client_info": {
        "mobilesdk_app_id": "1:1073205069887:android:d2148153be6a1a3e18908a",
        "android_client_info": {
          "package_name": "com.example.mqtt_test"
        }
      },
      "oauth_client": [
        {
          "client_id": "1073205069887-9281e3pqdh6uqou71mebnskf24e9ld9h.apps.googleusercontent.com",
          "client_type": 3
        }
      ],
      "api_key": [
        {
          "current_key": "AIzaSyBIob4wQoFybohMxTgj-8aXATa8jvPZl8Y"
        }
      ],
      "services": {
        "appinvite_service": {
          "other_platform_oauth_client": [
            {
              "client_id": "1073205069887-9281e3pqdh6uqou71mebnskf24e9ld9h.apps.googleusercontent.com",
              "client_type": 3
            }
          ]
        }
      }
    }
  ],
  "configuration_version": "1"
}